regla;familia;modo_ejecucion;paridad_sintetica;estado_paquete_real;paridad_postgis_cruda;paridad_0_0_81_cruda;paridad_postgis_operativa;paridad_0_0_81_operativa
Eco_01;economico;generated_plan_v1;True;ok;True;True;True;True
Eco_02;economico;generated_plan_v1;True;ok;True;True;True;True
Eco_03;economico;generated_plan_v1;True;ok;True;True;True;True
Eco_04;economico;generated_plan_v1;True;ok;True;True;True;True
Eco_05;economico;generated_plan_v1;True;ok;True;True;True;True
Eco_06;economico;generated_plan_v1;True;ok;True;True;True;True
Eco_07;economico;generated_plan_v1;True;ok;True;True;True;True
Jur_01;juridico;generated_plan_v1;True;ok;True;True;True;True
Jur_02;juridico;generated_plan_v1;True;ok;True;True;True;True
Jur_03;juridico;generated_plan_v1;True;ok;True;True;True;True
Jur_04;juridico;generated_plan_v1;True;ok;True;True;True;True
Jur_05;juridico;generated_plan_v1;True;ok;True;True;True;True
Jur_06;juridico;generated_plan_v1;True;ok;True;True;True;True
Jur_07;juridico;generated_plan_v1;True;ok;True;True;True;True
Jur_08;juridico;generated_plan_v1;True;ok;True;True;True;True
Jur_09;juridico;generated_plan_v1;True;ok;True;True;True;True
Jur_10;juridico;generated_plan_v1;True;ok;True;True;True;True
Jur_11;juridico;generated_plan_v1;True;ok;True;True;True;True
Jur_12;juridico;generated_plan_v1;True;ok;True;True;True;True
Jur_13;juridico;generated_plan_v1;True;ok;True;True;True;True
Jur_14;juridico;generated_plan_v1;True;ok;True;True;True;True
Jur_15;juridico;generated_plan_v1;True;ok;True;True;True;True
Jur_16;juridico;generated_plan_v1;True;ok;True;True;True;True
Jur_17;juridico;generated_plan_v1;True;ok;True;True;True;True
Jur_18;juridico;generated_plan_v1;True;ok;True;True;True;True
Jur_19;juridico;generated_plan_v1;True;ok;True;True;True;True
Jur_20;juridico;generated_plan_v1;True;ok;True;True;True;True
Jur_21;juridico;generated_plan_v1;True;ok;True;True;True;True
Jur_22;juridico;generated_plan_v1;True;ok;True;True;True;True
Jur_23;juridico;generated_plan_v1;True;ok;True;True;True;True
Jur_24;juridico;generated_plan_v1;True;ok;True;True;True;True
Jur_25;juridico;generated_plan_v1;True;ok;True;True;True;True
Jur_26;juridico;generated_plan_v1;True;ok;True;True;True;True
Jur_27;juridico;generated_plan_v1;True;ok;True;True;True;True
Jur_28;juridico;generated_plan_v1;True;ok;True;True;True;True
Jur_29;juridico;generated_plan_v1;True;ok;True;True;True;True
Jur_30;juridico;generated_plan_v1;True;ok;True;True;True;True
Jur_31;juridico;generated_plan_v1;True;ok;True;True;True;True
Jur_32;juridico;generated_plan_v1;True;ok;True;True;True;True
Jur_33;juridico;generated_plan_v1;True;ok;True;True;True;True
Jur_34;juridico;generated_plan_v1;True;ok;True;True;True;True
Jur_35;juridico;generated_plan_v1;True;ok;True;True;True;True
Jur_36;juridico;generated_plan_v1;True;ok;True;True;True;True
Jur_37;juridico;generated_plan_v1;True;ok;True;True;True;True
Jur_38;juridico;generated_plan_v1;True;ok;True;True;True;True
Jur_39;juridico;generated_plan_v1;True;ok;True;True;True;True
Jur_40;juridico;generated_plan_v1;True;ok;True;True;True;True
Jur_41;juridico;generated_plan_v1;True;ok;True;True;True;True
Jur_42;juridico;generated_plan_v1;True;ok;True;True;True;True
Jur_43;juridico;generated_plan_v1;True;ok;True;True;True;True
Jur_44;juridico;generated_plan_v1;True;ok;True;True;True;True
Jur_45;juridico;generated_plan_v1;True;ok;True;True;True;True
Jur_46;juridico;generated_plan_v1;True;ok;True;True;True;True
Jur_47;juridico;generated_plan_v1;True;ok;True;True;True;True
Jur_48;juridico;generated_plan_v1;True;ok;True;True;True;True
Jur_49;juridico;generated_plan_v1;True;ok;True;True;True;True
Jur_50;juridico;generated_plan_v1;True;ok;True;True;True;True
Jur_51;juridico;generated_plan_v1;True;ok;True;True;True;True
Jur_52;juridico;generated_plan_v1;True;ok;True;True;True;True
Jur_53;juridico;generated_plan_v1;True;ok;True;True;True;True
Jur_54;juridico;generated_plan_v1;True;ok;True;True;True;True
Jur_55;juridico;generated_plan_v1;True;ok;True;True;True;True
Jur_56;juridico;generated_plan_v1;True;ok;True;True;True;True
Jur_57;juridico;generated_plan_v1;True;ok;True;True;True;True
Jur_58;juridico;generated_plan_v1;True;ok;True;True;True;True
Jur_59;juridico;generated_plan_v1;True;ok;True;True;True;True
Jur_60;juridico;generated_plan_v1;True;ok;True;True;True;True
Jur_61;juridico;generated_plan_v1;True;ok;True;True;True;True
Jur_62;juridico;generated_plan_v1;True;ok;True;True;True;True
Jur_63;juridico;generated_plan_v1;True;ok;True;True;True;True
Jur_64;juridico;generated_plan_v1;True;ok;True;True;True;True
Jur_65;juridico;generated_plan_v1;True;ok;True;True;True;True
Jur_66;juridico;generated_plan_v1;True;ok;True;True;True;True
Jur_67;juridico;generated_plan_v1;True;ok;True;True;True;True
Jur_68;juridico;generated_plan_v1;True;ok;True;True;True;True
Jur_69;juridico;generated_plan_v1;True;ok;True;True;True;True
Jur_70;juridico;generated_plan_v1;True;ok;True;True;True;True
Jur_71;juridico;generated_plan_v1;True;ok;True;True;True;True
Jur_72;juridico;generated_plan_v1;True;ok;True;True;True;True
Jur_73;juridico;generated_plan_v1;True;ok;True;True;True;True
Jur_74;juridico;generated_plan_v1;True;ok;True;True;True;True
Jur_75;juridico;generated_plan_v1;True;ok;True;True;True;True
Jur_76;juridico;generated_plan_v1;True;ok;True;True;True;True
Jur_77;juridico;generated_plan_v1;True;ok;True;True;True;True
Jur_78;juridico;generated_plan_v1;True;ok;True;True;True;True
Jur_79;juridico;generated_plan_v1;True;ok;True;True;True;True
Jur_80;juridico;generated_plan_v1;True;ok;True;True;True;True
Jur_81;juridico;generated_plan_v1;True;ok;True;True;True;True
Jur_82;juridico;generated_plan_v1;True;ok;True;True;True;True
PH_01;ph;generated_plan_v1;True;ok;True;True;True;True
PH_02;ph;generated_plan_v1;True;ok;True;True;True;True
PH_03;ph;generated_plan_v1;True;ok;True;True;True;True
PH_04;ph;generated_plan_v1;True;ok;True;True;True;True
PH_05;ph;generated_plan_v1;True;ok;True;True;True;True
PH_06;ph;generated_plan_v1;True;ok;True;True;True;True
PH_07;ph;generated_plan_v1;True;ok;True;True;True;True
PH_08;ph;generated_plan_v1;True;ok;True;True;True;True
PH_09;ph;generated_plan_v1;True;ok;True;True;True;True
PH_10;ph;generated_plan_v1;True;ok;True;True;True;True
PH_11;ph;generated_plan_v1;True;ok;True;True;True;True
PH_12;ph;generated_plan_v1;True;ok;True;True;True;True
PH_13;ph;generated_plan_v1;True;ok;True;True;True;True
PH_14;ph;generated_plan_v1;True;ok;True;True;True;True
PH_15;ph;generated_plan_v1;True;ok;True;True;True;True
PH_16;ph;generated_plan_v1;True;ok;True;True;True;True
PH_17;ph;generated_plan_v1;True;ok;True;True;True;True
PH_18;ph;generated_plan_v1;True;ok;True;True;True;True
PH_19;ph;generated_plan_v1;True;ok;True;True;True;True
PH_20;ph;generated_plan_v1;True;ok;True;True;True;True
PH_21;ph;generated_plan_v1;True;ok;True;True;True;True
PH_22;ph;generated_plan_v1;True;ok;True;True;True;True
PH_23;ph;generated_plan_v1;True;ok;True;True;True;True
PH_24;ph;generated_plan_v1;True;ok;True;True;True;True
PH_25;ph;generated_plan_v1;True;ok;True;True;True;True
PH_26;ph;generated_plan_v1;True;ok;True;True;True;True
PH_27;ph;generated_plan_v1;True;ok;True;True;True;True
PH_28;ph;generated_plan_v1;True;ok;True;True;True;True
PH_29;ph;generated_plan_v1;True;ok;True;True;True;True
PH_30;ph;generated_plan_v1;True;ok;True;True;True;True
PH_31;ph;generated_plan_v1;True;ok;True;True;True;True
PH_32;ph;generated_plan_v1;True;ok;True;True;True;True
PH_33;ph;generated_plan_v1;True;ok;True;True;True;True
PH_34;ph;generated_plan_v1;True;ok;True;True;True;True
PH_35;ph;generated_plan_v1;True;ok;True;True;True;True
PH_36;ph;generated_plan_v1;True;ok;True;True;True;True
PH_37;ph;generated_plan_v1;True;ok;True;True;True;True
PH_38;ph;generated_plan_v1;True;ok;True;True;True;True
PH_39;ph;generated_plan_v1;True;ok;True;True;True;True
PH_40;ph;generated_plan_v1;True;ok;True;True;True;True
PH_41;ph;generated_plan_v1;True;ok;True;True;True;True
PH_42;ph;generated_plan_v1;True;ok;True;True;True;True
PH_43;ph;generated_plan_v1;True;ok;True;True;True;True
PH_44;ph;generated_plan_v1;True;ok;True;True;True;True
PH_45;ph;generated_plan_v1;True;ok;True;True;True;True
PH_46;ph;generated_plan_v1;True;ok;True;True;True;True
PH_47;ph;generated_plan_v1;True;ok;True;True;True;True
PH_48;ph;generated_plan_v1;True;ok;True;True;True;True
PH_49;ph;generated_plan_v1;True;ok;True;True;True;True
PH_50;ph;generated_plan_v1;True;ok;True;True;True;True
PH_51;ph;generated_plan_v1;True;ok;True;True;True;True
PH_52;ph;generated_plan_v1;True;ok;True;True;True;True
PH_53;ph;generated_plan_v1;True;ok;True;True;True;True
PH_54;ph;generated_plan_v1;True;ok;True;True;True;True
PH_55;ph;generated_plan_v1;True;ok;True;True;True;True
PH_56;ph;generated_plan_v1;True;ok;True;True;True;True
PH_57;ph;generated_plan_v1;True;ok;True;True;True;True
PH_58;ph;generated_plan_v1;True;ok;True;True;True;True
PH_59;ph;generated_plan_v1;True;ok;True;True;True;True
PH_60;ph;generated_plan_v1;True;ok;True;True;True;True
PH_61;ph;generated_plan_v1;True;ok;True;True;True;True
PH_62;ph;generated_plan_v1;True;ok;True;True;True;True
PH_63;ph;generated_plan_v1;True;ok;True;True;True;True
PH_64;ph;generated_plan_v1;True;ok;True;True;True;True
PH_65;ph;generated_plan_v1;True;ok;True;True;True;True
PH_66;ph;generated_plan_v1;True;ok;True;True;True;True
PH_67;ph;generated_plan_v1;True;ok;True;True;True;True
PH_68;ph;generated_plan_v1;True;ok;True;True;True;True
PH_69;ph;generated_plan_v1;True;ok;True;True;True;True
PH_70;ph;generated_plan_v1;True;ok;True;True;True;True
PH_71;ph;generated_plan_v1;True;ok;True;True;True;True
PH_72;ph;generated_plan_v1;True;ok;True;True;True;True
PH_73;ph;generated_plan_v1;True;ok;True;True;True;True
PH_74;ph;generated_plan_v1;True;ok;True;True;True;True
PH_75;ph;generated_plan_v1;True;ok;True;True;True;True
PH_76;ph;generated_plan_v1;True;ok;True;True;True;True
PH_77;ph;generated_plan_v1;True;ok;True;True;True;True
Reco_01;reco;generated_plan_v1;True;ok;True;True;True;True
Reco_02;reco;generated_plan_v1;True;ok;True;True;True;True
Reco_03;reco;generated_plan_v1;True;ok;True;True;True;True
Reco_04;reco;generated_plan_v1;True;ok;True;True;True;True
Reco_05;reco;generated_plan_v1;True;ok;True;True;True;True
Reco_06;reco;generated_plan_v1;True;ok;True;True;True;True
Reco_07;reco;generated_plan_v1;True;ok;True;True;True;True
Reco_08;reco;generated_plan_v1;True;ok;True;True;True;True
Reco_09;reco;generated_plan_v1;True;ok;True;True;True;True
Reco_10;reco;generated_plan_v1;True;ok;True;True;True;True
Reco_11;reco;generated_plan_v1;True;ok;True;True;True;True
Reco_12;reco;generated_plan_v1;True;ok;True;True;True;True
Reco_13;reco;generated_plan_v1;True;ok;True;True;True;True
Reco_14;reco;generated_plan_v1;True;ok;True;True;True;True
Reco_15;reco;generated_plan_v1;True;ok;True;True;True;True
Reco_16;reco;generated_plan_v1;True;ok;True;True;True;True
Reco_17;reco;generated_plan_v1;True;ok;True;True;True;True
Reco_18;reco;generated_plan_v1;True;ok;True;True;True;True
Reco_19;reco;generated_plan_v1;True;ok;True;True;True;True
Reco_20;reco;generated_plan_v1;True;ok;True;True;True;True
Reco_21;reco;generated_plan_v1;True;ok;True;True;True;True
Reco_22;reco;generated_plan_v1;True;ok;True;True;True;True
Reco_23;reco;generated_plan_v1;True;ok;True;True;True;True
Reco_24;reco;generated_plan_v1;True;ok;True;True;True;True
Reco_25;reco;generated_plan_v1;True;ok;True;True;True;True
Reco_26;reco;generated_plan_v1;True;ok;True;True;True;True
Reco_27;reco;generated_plan_v1;True;ok;True;True;True;True
Reco_28;reco;generated_plan_v1;True;ok;True;True;True;True
Reco_29;reco;generated_plan_v1;True;ok;True;True;True;True
Reco_30;reco;generated_plan_v1;True;ok;True;True;True;True
Reco_31;reco;generated_plan_v1;True;ok;True;True;True;True
Reco_32;reco;generated_plan_v1;True;ok;True;True;True;True
Reco_33;reco;generated_plan_v1;True;ok;True;True;True;True
Reco_34;reco;generated_plan_v1;True;ok;True;True;True;True
Reco_35;reco;generated_plan_v1;True;ok;True;True;True;True
Reco_36;reco;generated_plan_v1;True;ok;True;True;True;True
Reco_37;reco;generated_plan_v1;True;ok;True;True;True;True
Reco_38;reco;generated_plan_v1;True;ok;True;True;True;True
Reco_39;reco;generated_plan_v1;True;ok;True;True;True;True
Reco_40;reco;generated_plan_v1;True;ok;True;True;True;True
Reco_41;reco;generated_plan_v1;True;ok;True;True;True;True
Reco_42;reco;generated_plan_v1;True;ok;True;True;True;True
Reco_43;reco;generated_plan_v1;True;ok;True;True;True;True
Reco_44;reco;generated_plan_v1;True;ok;True;True;True;True
Reco_45;reco;generated_plan_v1;True;ok;True;True;True;True
Reco_46;reco;generated_plan_v1;True;ok;True;True;True;True
Reco_47;reco;generated_plan_v1;True;ok;True;True;True;True
Reco_48;reco;generated_plan_v1;True;ok;True;True;True;True
Reco_49;reco;generated_plan_v1;True;ok;True;True;True;True
Reco_50;reco;generated_plan_v1;True;ok;True;True;True;True
Reco_51;reco;generated_plan_v1;True;ok;True;True;True;True
Reco_52;reco;generated_plan_v1;True;ok;True;True;True;True
Reco_53;reco;generated_plan_v1;True;ok;True;True;True;True
Reco_54;reco;generated_plan_v1;True;ok;True;True;True;True
Reco_55;reco;generated_plan_v1;True;ok;True;True;True;True
Reco_56;reco;generated_plan_v1;True;ok;True;True;True;True
Reco_57;reco;generated_plan_v1;True;ok;True;True;True;True
Reco_58;reco;generated_plan_v1;True;ok;True;True;True;True
Reco_59;reco;generated_plan_v1;True;ok;True;True;True;True
Reco_60;reco;generated_plan_v1;True;ok;True;True;True;True
Reco_61;reco;generated_plan_v1;True;ok;True;True;True;True
Reco_62;reco;generated_plan_v1;True;ok;True;True;True;True
Reco_63;reco;generated_plan_v1;True;ok;True;True;True;True
Reco_64;reco;generated_plan_v1;True;ok;True;True;True;True
Reco_65;reco;generated_plan_v1;True;ok;True;True;True;True
Reco_66;reco;generated_plan_v1;True;ok;True;True;True;True
Reco_67;reco;generated_plan_v1;True;ok;True;True;True;True
Reco_68;reco;generated_plan_v1;True;ok;True;True;True;True
Reco_69;reco;generated_plan_v1;True;ok;True;True;True;True
Reco_70;reco;generated_plan_v1;True;ok;True;True;True;True
Reco_71;reco;generated_plan_v1;True;ok;True;True;True;True
SIG_01;sig;generated_plan_v1;True;ok;True;True;True;True
SIG_02;sig;generated_plan_v1;True;ok;True;True;True;True
SIG_03;sig;generated_plan_v1;True;ok;True;True;True;True
SIG_04;sig;generated_plan_v1;True;ok;True;True;True;True
SIG_05;sig;generated_plan_v1;True;ok;True;True;True;True
SIG_06;sig;generated_plan_v1;True;ok;True;True;True;True
SIG_07;sig;generated_plan_v1;True;ok;True;True;True;True
SIG_08;sig;generated_plan_v1;True;ok;True;True;True;True
SIG_09;sig;generated_plan_v1;True;ok;True;True;True;True
SIG_10;sig;generated_plan_v1;True;ok;True;True;True;True
SIG_11;sig;generated_plan_v1;True;ok;True;True;True;True
SIG_12;sig;generated_plan_v1;True;ok;True;True;True;True
SIG_13;sig;generated_plan_v1;True;ok;True;True;True;True
SIG_14;sig;generated_plan_v1;True;ok;True;True;True;True
SIG_15;sig;generated_plan_v1;True;ok;True;True;True;True
SIG_16;sig;generated_plan_v1;True;not_applicable;True;True;True;True
